{"cameraMode":{"drawMode":0,"name":"Shaded","section":"Shading Mode"},"sceneLighting":true,"audioPlay":false,"sceneViewState":{"showFog":true,"showMaterialUpdate":false,"showSkybox":true,"showFlares":true,"showImageEffects":true,"showParticleSystems":true},"in2DMode":false,"pivot":{"x":-33.53544235229492,"y":-42.99280548095703,"z":-30.244455337524415},"rotation":{"x":0.48110443353652956,"y":0.5182895064353943,"z":-0.4822549819946289,"w":0.5170539021492004},"size":146.037109375,"orthographic":false}